{
  "credit": "Made with Blockbench",
  "texture_size": [32, 32],
  "textures": {
    "0": "item/dieucay",
    "particle": "item/dieucay"
  },
  "elements": [
    {
      "from": [6.5, 0, 7],
      "to": [9.5, 12, 9],
      "faces": {
        "north": {"uv": [0, 4, 3, 16], "texture": "#0"},
        "east": {"uv": [0, 4, 2, 16], "texture": "#0"},
        "south": {"uv": [3, 4, 0, 16], "texture": "#0"},
        "west": {"uv": [2, 4, 0, 16], "texture": "#0"},
        "up": {"uv": [3, 4, 0, 2], "texture": "#0"},
        "down": {"uv": [3, 2, 0, 4], "texture": "#0"}
      }
    },
    {
      "from": [6, 1, 6.5],
      "to": [10, 2, 9.5],
      "faces": {
        "north": {"uv": [3, 14, 7, 15], "texture": "#0"},
        "east": {"uv": [3, 14, 6, 15], "texture": "#0"},
        "south": {"uv": [7, 14, 3, 15], "texture": "#0"},
        "west": {"uv": [6, 14, 3, 15], "texture": "#0"},
        "up": {"uv": [7, 14, 3, 11], "texture": "#0"},
        "down": {"uv": [7, 11, 3, 14], "texture": "#0"}
      }
    },
    {
      "from": [6, 10, 6.5],
      "to": [10, 11, 9.5],
      "faces": {
        "north": {"uv": [3, 14, 7, 15], "texture": "#0"},
        "east": {"uv": [3, 14, 6, 15], "texture": "#0"},
        "south": {"uv": [7, 14, 3, 15], "texture": "#0"},
        "west": {"uv": [6, 14, 3, 15], "texture": "#0"},
        "up": {"uv": [7, 14, 3, 11], "texture": "#0"},
        "down": {"uv": [7, 11, 3, 14], "texture": "#0"}
      }
    },
    {
      "from": [7, 9, 5],
      "to": [9, 11, 7],
      "rotation": {"angle": 45, "axis": "x", "origin": [8, 10, 7]},
      "faces": {
        "north": {"uv": [7, 6, 9, 8], "texture": "#0"},
        "east": {"uv": [7, 6, 9, 8], "texture": "#0"},
        "south": {"uv": [9, 6, 7, 8], "texture": "#0"},
        "west": {"uv": [9, 6, 7, 8], "texture": "#0"}
      }
    },
    {
      "from": [6, 10.5, 3.5],
      "to": [10, 13.5, 7.5],
      "rotation": {"angle": 45, "axis": "x", "origin": [8, 12, 5.5]},
      "faces": {
        "north": {"uv": [3, 4, 7, 7], "texture": "#0"},
        "east": {"uv": [3, 4, 7, 7], "texture": "#0"},
        "south": {"uv": [7, 4, 3, 7], "texture": "#0"},
        "west": {"uv": [7, 4, 3, 7], "texture": "#0"},
        "up": {"uv": [11, 3, 7, 0], "texture": "#0"},
        "down": {"uv": [11, 0, 7, 3], "texture": "#0"}
      }
    },
    {
      "from": [6.5, 11.8, 4.8],
      "to": [9.5, 12.8, 7.8],
      "rotation": {"angle": 45, "axis": "x", "origin": [8, 12.3, 6.3]},
      "faces": {
        "up": {"uv": [11, 7, 8, 4], "texture": "#0"}
      }
    },
    {
      "from": [6.5, 0.5, 7],
      "to": [9.5, 3.5, 9],
      "faces": {
        "north": {"uv": [7, 9, 10, 12], "texture": "#0"},
        "east": {"uv": [7, 9, 9, 12], "texture": "#0"},
        "south": {"uv": [10, 9, 7, 12], "texture": "#0"},
        "west": {"uv": [9, 9, 7, 12], "texture": "#0"}
      }
    },
    {
      "from": [6.5, 0, 7],
      "to": [9.5, 3, 9],
      "faces": {
        "north": {"uv": [10, 9, 13, 12], "texture": "#0"},
        "east": {"uv": [10, 9, 12, 12], "texture": "#0"},
        "south": {"uv": [13, 9, 10, 12], "texture": "#0"},
        "west": {"uv": [12, 9, 10, 12], "texture": "#0"}
      }
    }
  ],
  "display": {
    "thirdperson_righthand": {
      "rotation": [0, 90, 55],
      "translation": [0, 3.5, 3],
      "scale": [0.85, 0.85, 0.85]
    },
    "thirdperson_lefthand": {
      "rotation": [0, -90, 55],
      "translation": [0, 3.5, 3],
      "scale": [0.85, 0.85, 0.85]
    },
    "firstperson_righthand": {
      "rotation": [0, -90, 25],
      "translation": [1.13, 3.2, 1.13],
      "scale": [0.68, 0.68, 0.68]
    },
    "firstperson_lefthand": {
      "rotation": [0, 90, 25],
      "translation": [1.13, 3.2, 1.13],
      "scale": [0.68, 0.68, 0.68]
    },
    "ground": {
      "translation": [0, 2, 0],
      "scale": [0.5, 0.5, 0.5]
    },
    "gui": {
      "rotation": [30, 225, 0],
      "scale": [0.625, 0.625, 0.625]
    },
    "head": {
      "rotation": [0, 180, 0],
      "translation": [0, 13, 7]
    },
    "fixed": {
      "rotation": [0, 180, 0]
    }
  }
}
